'id_car_specification','name','id_parent','date_create','date_update','id_car_type'
'1','Nadwozia',NULL,'1398983409','1464211790','1'
'2','Rodzaj nadwozia','1','1398983409','1446624002','1'
'4','Liczba miejsc','1','1398983409','1446624003','1'
'5','Długość','1','1398983409','1446624003','1'
'6','Szerokość','1','1398983409','1446624003','1'
'7','Wysokość','1','1398983409','1446624003','1'
'8','Rozstaw osi','1','1398983409','1464216277','1'
'9','Rozstaw kół przód','1','1398983409','1446624003','1'
'10','Rozstaw kół tył','1','1398983409','1446624003','1'
'11','Silnik',NULL,'1398983409','1446624003','1'
'12','Typ silnika','11','1398983409','1446624004','1'
'13','Pojemność silnika','11','1398983409','1446624004','1'
'14','Moc silnika','11','1398983409','1464213794','1'
'15','Obroty maksymalnej mocy','11','1398983409','1464213827','1'
'16','Maksymalny moment obrotowy','11','1398983409','1462469007','1'
'17','Typ wlot','11','1398983409','1464214844','1'
'19','Układ cylindrów','11','1398983409','1446624005','1'
'20','Liczba cylindrów','11','1398983409','1446624005','1'
'22','Paliwo','31','1398983410','1462406784','1'
'23','Skrzynia biegów i sterowanie',NULL,'1398983410','1464211642','1'
'24','Skrzynia biegów','23','1398983410','1446624008','1'
'26','Liczba biegów','23','1398983410','1427137980','1'
'27','Napęd','23','1398983410','1464215754','1'
'29','Hamulce przednie','40','1398983410','1446624009','1'
'30','Hamulce tylne','40','1398983410','1446621088','1'
'31','Wskaźniki pracy',NULL,'1398983410','1446621089','1'
'32','Prędkość maksymalna','31','1398983410','1446621068','1'
'33','Przyspieszenie (0-100 km/h)','31','1398983410','1462471638','1'
'34','Masa własna','1','1398983410','1446621089','1'
'35','Pojemność zbiornika paliwa','31','1398983410','1446621089','1'
'37','Norma ekologiczna','31','1398983410','1464213039','1'
'38','Prześwit','1','1398984605','1446624003','1'
'39','Liczba zaworów cylindra','11','1398984605','1464215387','1'
'40','Zawieszenie i hamulce',NULL,'1398984605','1446624008','1'
'41','Zawieszenie przednie','40','1398984605','1464218670','1'
'42','Zawieszenie tylne','40','1398984605','1464218686','1'
'44','Max przestrzeń bagażowa','1','1398984608','1446621073','1'
'45','Min przestrzeń bagażowa','1','1398984608','1446621083','1'
'46','Rodzaj doładowania','11','1398984608','1462407102','1'
'47','Średnica cylindra','11','1398984608','1427137982','1'
'48','Skok tłoka','11','1398984608','1427137982','1'
'50','Zużycie paliwa (cykl miejski) na 100 km','31','1398984608','1462472278','1'
'51','Zużycie paliwa (cykl pozamiejski) na 100 km','31','1398984608','1462472301','1'
'52','Zużycie paliwa (cykl mieszany) na 100 km','31','1398984611','1462472318','1'
'57','Średnica zawracania','23','1398989710','1446620964','1'
'58','Masa całkowita','1','1398991812','1462471362','1'
'62','Zasięg','31','1399122086','1446577601','1'
'1564','Obroty maksymalnego momentu obrotowego','11','1464214445',NULL,'1'
'1565','Ładowność','1','1464218477',NULL,'1'
'1566','Obecność chłodnica powietrza doładowującego','11','1464300165',NULL,'1'
'1567','Masa holowanego ładunku (z hamulcami)','1','1464300461',NULL,'1'
'1568','Obciążenie przedniej/tylną oś','1','1464300795',NULL,'1'
'1569','Wysokość załadunkowa','1','1464378056',NULL,'1'
'1570','ładowni (Długość x Szerokość x Wysokość)','1','1464378606',NULL,'1'
'1571','Objętość przestrzeni ładunkowej','1','1464378665',NULL,'1'
